HaftaninGunu,Dağıtılan Enerji (MWh)
Monday,1850.6222880389907
Tuesday,1882.2644974272223
Wednesday,1897.4604741084506
Thursday,1908.3567677110577
Friday,1891.1073784797372
Saturday,1786.6571792189445
Sunday,1641.1684228424542



